id,ltable_ID,rtable_ID,predicted
18,1243,7,1
23,1247,10,1
27,1244,11,1
35,2,14,1
47,3,17,1
69,896,21,1
83,1248,24,1
105,1246,26,1
108,996,28,1
111,902,29,1
118,1257,30,1
159,1279,34,1
161,899,35,1
171,219,38,1
178,1249,40,1
242,1,43,1
248,6,46,1
276,1438,53,1
291,970,56,1
337,1370,63,1
348,470,65,1
351,436,66,1
360,895,67,1
498,442,69,1
500,129,70,1
510,1383,72,1
519,41,74,1
543,900,77,1
615,1011,78,1
684,26,80,1
728,2010,85,1
736,897,89,1
827,60,90,1
831,1218,92,1
833,29,93,1
836,1434,94,1
847,1444,95,1
850,1022,96,1
852,1639,97,1
857,1113,98,1
867,274,99,1
963,1104,101,1
999,2852,102,1
1003,2668,105,1
1009,2517,106,1
1024,2537,108,1
1035,1063,109,1
1062,1183,110,1
1098,1105,113,1
1100,204,117,1
1107,2505,120,1
1108,2757,122,1
1109,775,123,1
1111,1722,124,1
1120,3081,125,1
1121,826,127,1
1125,2344,129,1
1135,755,132,1
1179,1027,133,1
1241,2520,141,1
1327,2884,142,1
1347,1101,143,1
1361,2399,144,1
1363,2830,145,1
1368,2432,146,1
1372,263,147,1
1382,2419,151,1
1392,2856,153,1
1393,2145,155,1
1411,2665,158,1
1417,1168,160,1
1423,427,161,1
1474,1225,171,1
1477,302,172,1
1482,1015,175,1
1496,651,178,1
1506,1845,180,1
1548,1148,183,1
1558,799,185,1
1620,2198,188,1
1628,2549,193,1
1634,2628,194,1
1746,2918,197,1
1749,2013,198,1
1758,322,200,1
1761,2501,201,1
1967,1942,207,1
1975,2328,211,1
2021,1092,212,1
2051,2443,213,1
2068,309,219,1
2069,2629,220,1
2084,2874,221,1
2086,2906,223,1
2087,2719,224,1
2090,2900,226,1
2091,820,227,1
2092,2571,228,1
2098,2967,233,1
2179,2155,237,1
2213,999,238,1
2268,2694,239,1
2274,2411,240,1
2308,1193,245,1
2315,107,247,1
2319,749,249,1
2321,2312,251,1
2322,349,255,1
2346,725,258,1
2348,1144,259,1
2354,2593,260,1
2372,1994,264,1
2408,812,270,1
2440,2223,274,1
2446,2787,275,1
2452,414,280,1
2458,2456,281,1
2462,596,282,1
2491,272,284,1
2580,2599,286,1
2583,2031,287,1
2588,262,288,1
2592,772,289,1
2656,2462,295,1
2657,2237,296,1
2662,2618,299,1
2663,794,300,1
2664,279,301,1
2715,2635,304,1
2727,2927,310,1
2728,344,311,1
2734,2826,314,1
2745,626,316,1
2775,333,317,1
2784,2703,320,1
2796,2842,326,1
2846,1222,330,1
2858,2868,332,1
2860,1169,333,1
2865,363,335,1
2870,2099,336,1
2873,782,337,1
2877,1887,338,1
2880,2190,339,1
2881,1742,340,1
2883,251,341,1
2890,403,343,1
2993,2837,345,1
2996,3114,346,1
2998,1944,348,1
3003,3003,350,1
3028,1071,353,1
3042,2533,359,1
3104,2641,363,1
3107,685,366,1
3109,2663,368,1
3111,753,371,1
3122,2990,373,1
3128,1187,377,1
3170,312,381,1
3171,220,382,1
3181,733,384,1
3264,1192,385,1
3274,729,386,1
3284,2684,390,1
3289,2507,391,1
3293,2896,392,1
3294,2685,393,1
3305,145,396,1
3312,888,397,1
3335,412,399,1
3346,2481,402,1
3354,792,405,1
3428,2715,408,1
3449,2972,409,1
3462,848,412,1
3470,3073,413,1
3492,786,416,1
3656,1125,420,1
3682,2836,421,1
3683,785,422,1
3688,411,424,1
3695,801,425,1
3782,2114,429,1
3820,2407,432,1
3829,203,434,1
3836,307,437,1
3840,2608,439,1
3849,2886,440,1
3855,2636,444,1
3856,684,445,1
3946,1231,447,1
4005,1036,450,1
4166,2552,453,1
4167,330,454,1
4234,1164,455,1
4260,2804,456,1
4264,2245,459,1
4269,791,460,1
4274,777,461,1
4278,1067,462,1
4288,2872,463,1
4290,351,464,1
4291,244,465,1
4294,2192,468,1
4295,815,469,1
4299,3001,471,1
4301,1163,472,1
4309,3015,475,1
4310,770,476,1
4315,845,480,1
4323,2261,481,1
4342,1084,486,1
4351,217,488,1
4359,2924,491,1
4375,2999,493,1
4377,863,497,1
4551,1082,507,1
4700,710,509,1
4714,2538,510,1
4717,2648,511,1
4728,2652,513,1
4783,1216,515,1
4789,698,519,1
4794,176,522,1
4896,2811,529,1
4900,2128,530,1
4952,214,542,1
4956,2455,543,1
4958,840,544,1
4963,314,545,1
4967,709,549,1
4979,3025,552,1
4980,747,553,1
4989,260,556,1
5031,841,564,1
5168,1061,571,1
5184,2803,572,1
5383,367,576,1
5384,455,577,1
5400,1077,581,1
5405,1294,583,1
5437,1419,586,1
5444,34,590,1
5446,1052,591,1
5451,936,594,1
5455,21,595,1
5461,452,597,1
5468,44,599,1
5470,1365,601,1
5471,1507,602,1
5475,914,608,1
5477,441,609,1
5489,27,612,1
5492,1392,614,1
5502,1453,616,1
5510,1557,618,1
5611,1404,623,1
5622,1514,624,1
5625,2919,629,1
5626,3052,632,1
5627,2941,633,1
5628,752,634,1
5634,2152,636,1
5636,2671,638,1
5637,1211,640,1
5643,68,645,1
5669,2660,649,1
5680,2760,651,1
5683,2932,652,1
5685,855,653,1
5687,353,654,1
5723,2894,660,1
5741,865,663,1
5746,225,664,1
5803,2107,667,1
5805,2723,668,1
5830,2081,671,1
5836,1229,673,1
5847,299,675,1
5891,3022,676,1
5904,2794,679,1
5915,2761,680,1
5916,757,681,1
5919,1228,682,1
5920,298,683,1
5930,987,687,1
5946,2702,688,1
5954,668,690,1
5975,894,694,1
6068,1869,700,1
6074,1149,703,1
6273,2289,706,1
6280,198,709,1
6281,2265,710,1
6287,2857,711,1
6294,2658,713,1
6311,984,714,1
6353,2414,716,1
6359,2742,718,1
6392,1998,723,1
6417,2710,724,1
6428,2899,727,1
6445,2865,729,1
6448,3087,730,1
6453,355,734,1
6458,2828,737,1
6460,2812,739,1
6461,734,740,1
6465,1179,743,1
6513,1058,744,1
6557,2226,745,1
6560,817,748,1
6575,2447,752,1
6585,2323,755,1
6590,800,756,1
6595,2268,757,1
6596,809,758,1
6660,1097,759,1
6787,2827,761,1
6792,2873,764,1
6890,1778,766,1
6892,3128,767,1
6918,1940,769,1
6961,2371,773,1
6967,2197,775,1
7007,2858,778,1
7016,2478,780,1
7036,751,782,1
7043,2936,784,1
7044,822,785,1
7047,2871,788,1
7056,2220,791,1
7058,410,794,1
7062,1221,795,1
7064,2908,796,1
7072,2196,801,1
7152,1170,802,1
7176,2956,803,1
7284,728,805,1
7315,2832,811,1
7316,3129,812,1
7387,2968,815,1
7401,2959,819,1
7402,425,820,1
7520,405,827,1
7523,2937,828,1
7581,1100,829,1
7618,2823,831,1
7622,2767,832,1
7683,2047,839,1
7688,2925,840,1
7694,2910,842,1
7749,2869,847,1
7766,383,851,1
7769,2813,854,1
7779,811,856,1
7874,288,858,1
7939,763,862,1
7945,3048,865,1
7959,2698,867,1
7963,2470,870,1
7992,3089,874,1
8014,976,876,1
8083,3063,877,1
8101,2242,879,1
8135,3074,882,1
8282,1093,891,1
8295,2659,898,1
8303,985,900,1
8335,3007,907,1
8403,2338,912,1
8413,3142,913,1
8415,1107,914,1
8419,358,915,1
8424,669,917,1
8436,3018,920,1
8483,2779,923,1
8487,2755,926,1
8489,357,927,1
8500,3106,929,1
8510,2269,932,1
8513,2819,933,1
8529,2393,937,1
8531,325,938,1
8555,2503,944,1
8640,1880,945,1
8818,764,948,1
8854,837,951,1
8855,2893,952,1
8857,3011,954,1
8877,3019,955,1
8880,415,956,1
8885,2048,960,1
8899,2041,964,1
8909,737,967,1
8936,849,970,1
8938,2939,971,1
8940,839,972,1
8959,2809,975,1
8964,3032,976,1
8973,2867,978,1
8996,979,980,1
9071,306,981,1
9078,2950,984,1
9080,2439,986,1
9088,413,988,1
9091,2584,989,1
9097,2497,990,1
9098,2795,992,1
9101,2912,994,1
9102,3077,995,1
9110,2480,997,1
9120,2989,1000,1
9155,2529,1007,1
9160,2692,1009,1
9164,3110,1012,1
9165,2693,1014,1
9175,1205,1019,1
9183,3036,1020,1
9189,310,1024,1
9234,2542,1026,1
9255,402,1029,1
9304,831,1037,1
9318,465,1038,1
9347,2673,1045,1
9352,1484,1048,1
9412,423,1050,1
9414,404,1052,1
9419,2818,1056,1
9516,1189,1060,1
9527,3057,1061,1
9530,2709,1063,1
9531,354,1064,1
9571,1091,1066,1
9593,870,1067,1
9603,165,1068,1
9633,3109,1069,1
9640,880,1076,1
9665,2394,1080,1
9680,2914,1082,1
9683,816,1083,1
9686,2491,1084,1
9692,218,1087,1
9716,130,1091,1
9759,1013,1092,1
9908,254,1094,1
9918,1204,1095,1
9925,1151,1096,1
10001,2789,1099,1
10003,862,1100,1
10088,1237,1110,1
10102,1360,1112,1
10108,1340,1116,1
10122,1752,1120,1
10136,1471,1123,1
10144,1303,1125,1
10193,30,1131,1
10218,385,1137,1
10248,484,1140,1
10251,1356,1141,1
10266,1308,1143,1
10269,1339,1144,1
10277,32,1147,1
10278,1066,1149,1
10281,523,1152,1
10310,879,1156,1
10314,532,1160,1
10369,846,1162,1
10370,868,1163,1
10448,424,1170,1
10456,2790,1172,1
10459,2701,1173,1
10483,795,1183,1
10517,2721,1185,1
10522,352,1186,1
10539,1223,1187,1
10576,1001,1195,1
10583,2516,1197,1
10584,2609,1200,1
10587,3104,1202,1
10588,2802,1203,1
10591,1126,1207,1
10592,776,1208,1
10599,2840,1210,1
10602,417,1212,1
10611,396,1216,1
10614,2594,1219,1
10618,2907,1221,1
10626,1197,1223,1
10632,1232,1225,1
10633,2862,1227,1
10634,2913,1228,1
10671,2376,1232,1
10680,2985,1234,1
10685,887,1236,1
10770,872,1238,1
10772,2958,1240,1
10776,2508,1247,1
10786,956,1248,1
10808,2559,1250,1
10809,2543,1251,1
10813,409,1253,1
10822,807,1255,1
10825,3088,1258,1
10839,2174,1262,1
10896,2844,1269,1
10928,2859,1274,1
10929,348,1275,1
11102,2472,1284,1
11130,259,1289,1
11136,1041,1293,1
11153,2933,1296,1
11154,2189,1298,1
11155,2756,1299,1
11157,338,1300,1
11175,3014,1305,1
11188,834,1307,1
11195,3043,1309,1
11198,973,1310,1
11205,2691,1311,1
11207,3056,1313,1
11208,843,1314,1
11209,856,1315,1
11212,2203,1316,1
11214,2205,1317,1
11404,1173,1320,1
11433,3040,1325,1
11448,2839,1329,1
11455,866,1331,1
11510,1139,1336,1
11527,276,1338,1
11587,1207,1347,1
11623,1142,1348,1
11627,804,1351,1
11628,2677,1353,1
11681,2578,1356,1
11688,2716,1358,1
11694,2302,1359,1
11697,1134,1361,1
11700,3023,1363,1
11721,1861,1373,1
11733,1583,1377,1
11739,823,1381,1
11757,2821,1384,1
11782,296,1386,1
11803,1604,1391,1
11805,656,1392,1
11858,3118,1395,1
11859,2774,1396,1
11861,2917,1397,1
11862,281,1398,1
11896,760,1402,1
11939,340,1407,1
12019,195,1410,1
12024,341,1413,1
12031,821,1416,1
12035,2984,1417,1
12036,3082,1418,1
12037,824,1419,1
12048,788,1423,1
12062,2638,1424,1
12072,3012,1428,1
12082,2577,1430,1
12094,2551,1433,1
12095,422,1434,1
12096,3080,1435,1
12097,2996,1436,1
12099,494,1441,1
12106,2861,1442,1
12111,2627,1443,1
12114,2340,1445,1
12200,1235,1451,1
12210,720,1453,1
12222,1122,1455,1
12235,2553,1458,1
12245,884,1462,1
12250,793,1464,1
12283,810,1466,1
12287,3066,1470,1
12289,2314,1472,1
12291,1897,1474,1
12293,2728,1476,1
12296,2550,1478,1
12302,2740,1484,1
12512,808,1489,1
12514,2305,1492,1
12517,819,1493,1
12519,2814,1495,1
12680,2486,1504,1
12700,2637,1505,1
12714,2769,1507,1
12726,2118,1509,1
12735,988,1511,1
12795,2768,1518,1
12822,829,1522,1
12861,2530,1531,1
12894,2639,1540,1
12967,1103,1543,1
13007,825,1547,1
13008,2973,1548,1
13014,2582,1550,1
13063,1133,1552,1
13175,2293,1554,1
13177,1234,1557,1
13208,2348,1564,1
13212,3130,1565,1
13217,408,1567,1
13268,365,1571,1
13274,3021,1575,1
13278,878,1579,1
13286,3065,1581,1
13287,175,1582,1
13298,246,1583,1
13346,487,1591,1
13376,1570,1593,1
13391,2588,1595,1
13393,62,1597,1
13413,877,1602,1
13423,2888,1605,1
13435,2287,1607,1
13439,2704,1608,1
13451,2920,1612,1
13539,2441,1615,1
13561,243,1618,1
13587,964,1624,1
13590,1420,1625,1
13594,1735,1627,1
13604,2482,1630,1
13613,2713,1631,1
13614,370,1632,1
13618,372,1634,1
13672,982,1643,1
13712,1389,1644,1
13748,898,1648,1
13754,1515,1650,1
13858,429,1652,1
13862,1711,1653,1
13863,1324,1654,1
13872,1430,1657,1
13886,1503,1659,1
13892,509,1660,1
13895,42,1661,1
13900,1473,1662,1
13932,458,1668,1
13936,435,1670,1
13976,1469,1677,1
13980,1522,1678,1
13981,1535,1679,1
14047,575,1687,1
14147,2227,1691,1
14149,854,1693,1
14154,3020,1697,1
14241,2977,1700,1
14248,609,1701,1
14292,2322,1704,1
14396,2105,1710,1
14407,889,1717,1
14415,2979,1719,1
14424,2929,1723,1
14456,940,1731,1
14536,3138,1733,1
14553,2940,1737,1
14570,2995,1740,1
14620,1198,1745,1
14655,158,1749,1
14677,3136,1751,1
14753,1165,1752,1
14868,2926,1754,1
14951,497,1756,1
14956,2978,1757,1
14964,2883,1759,1
14966,1203,1761,1
14991,885,1768,1
14999,3055,1771,1
15137,2513,1782,1
15143,828,1783,1
15167,2911,1787,1
15168,2727,1788,1
15173,765,1790,1
15204,2623,1795,1
15207,796,1797,1
15211,2963,1798,1
15215,2490,1801,1
15237,3030,1807,1
15288,1182,1811,1
15442,1783,1816,1
15567,1774,1819,1
15633,2433,1825,1
15638,226,1827,1
15639,2841,1828,1
15650,883,1833,1
15658,1078,1838,1
15666,2604,1840,1
15667,2922,1841,1
15711,2960,1847,1
15714,2901,1850,1
15715,2750,1851,1
15724,881,1853,1
15729,1660,1858,1
15840,111,1865,1
15877,3031,1871,1
15893,802,1872,1
15920,2944,1876,1
15921,2875,1877,1
16028,1906,1892,1
16034,2562,1895,1
16054,2115,1904,1
16065,3105,1909,1
16140,2965,1912,1
16142,2643,1915,1
16158,2992,1920,1
16161,2560,1924,1
16174,361,1930,1
16187,2335,1934,1
16195,3058,1935,1
16391,858,1950,1
16395,3010,1952,1
16403,2211,1954,1
16407,286,1958,1
16426,876,1964,1
16444,2758,1969,1
16458,781,1974,1
16494,1631,1978,1
16498,1558,1980,1
16525,2845,1983,1
16528,2817,1986,1
16557,892,1997,1
16575,346,2005,1
16651,1152,2011,1
16760,2271,2012,1
16777,2534,2018,1
16778,1442,2019,1
16779,2469,2020,1
16784,2282,2022,1
16787,2838,2023,1
16895,2998,2029,1
16896,890,2030,1
16963,1728,2033,1
16996,2876,2036,1
17051,3103,2042,1
17060,2576,2045,1
17078,3038,2053,1
17080,2881,2054,1
17090,873,2057,1
17101,369,2060,1
17129,869,2066,1
17170,2988,2070,1
17171,2502,2071,1
17225,2753,2074,1
17231,2383,2077,1
17234,2711,2078,1
17241,2400,2081,1
17247,133,2083,1
17254,2366,2084,1
17260,237,2085,1
17370,359,2089,1
17487,704,2098,1
17655,421,2106,1
17797,1172,2116,1
17819,3091,2120,1
17947,2834,2130,1
17964,2417,2134,1
17991,2810,2136,1
17993,867,2137,1
17994,2749,2138,1
18014,1146,2142,1
18025,2539,2147,1
18040,3127,2154,1
18065,2436,2155,1
18146,493,2165,1
18201,1433,2168,1
18216,1004,2170,1
18237,1285,2174,1
18238,376,2175,1
18240,468,2176,1
18263,1590,2180,1
18270,1018,2184,1
18285,55,2186,1
18315,1490,2190,1
18365,1474,2195,1
18366,49,2196,1
18382,483,2200,1
18397,542,2203,1
18456,3008,2209,1
18519,2632,2214,1
18614,2246,2222,1
18616,3075,2223,1
18617,1129,2224,1
18631,2479,2226,1
18641,2747,2231,1
18644,891,2232,1
18705,886,2236,1
18753,762,2240,1
18817,2106,2241,1
18846,3026,2251,1
18847,3059,2252,1
18924,2137,2264,1
18937,2509,2266,1
18942,3120,2268,1
18957,2429,2271,1
18997,2367,2279,1
18999,1008,2280,1
19019,362,2284,1
19197,1178,2290,1
19246,3034,2298,1
19248,3085,2301,1
19282,986,2302,1
19427,2949,2308,1
19434,3016,2313,1
19528,2612,2319,1
19682,1212,2330,1
19729,3139,2335,1
19735,2626,2338,1
19737,2982,2339,1
19762,3117,2341,1
19856,1238,2346,1
19872,838,2348,1
19875,1270,2349,1
19926,2784,2351,1
19932,2548,2353,1
19936,444,2357,1
19953,3024,2362,1
19956,1195,2364,1
20072,2640,2373,1
20161,1194,2375,1
20202,3122,2378,1
20210,2782,2379,1
20232,1190,2385,1
20299,2938,2391,1
20307,3070,2396,1
20315,2969,2397,1
20317,58,2400,1
20372,2775,2415,1
20450,3141,2431,1
20456,2974,2434,1
20459,2504,2436,1
20468,2891,2437,1
20478,2661,2442,1
20491,2835,2447,1
20495,882,2450,1
20593,3121,2451,1
20662,2864,2471,1
20782,2459,2477,1
20859,2890,2479,1
20966,2824,2484,1
20993,2892,2487,1
21073,2461,2490,1
21113,3134,2498,1
21228,2997,2526,1
21292,2807,2554,1
21471,1214,2561,1
21478,2531,2566,1
21529,2946,2581,1
21540,3071,2590,1
21573,1196,2605,1
21611,3115,2613,1
21700,2801,2616,1
21714,3068,2619,1
21725,2734,2624,1
21745,431,2633,1
21821,2930,2639,1
21856,2556,2655,1
21884,2428,2660,1
21896,2722,2665,1
21900,2952,2669,1
21968,3039,2673,1
22060,1435,2689,1
22092,1505,2691,1
22099,1530,2692,1
22104,120,2693,1
22110,1349,2694,1
22111,913,2695,1
22118,1424,2697,1
22120,1485,2698,1
22121,1369,2699,1
22126,1413,2700,1
22128,47,2701,1
22165,1348,2707,1
22178,1552,2710,1
22187,1492,2713,1
22195,1614,2715,1
22207,1378,2717,1
22213,1483,2719,1
22224,1421,2726,1
22226,31,2727,1
22245,922,2731,1
22314,677,2734,1
22321,450,2736,1
22333,305,2738,1
22432,2397,2749,1
22530,2130,2756,1
22533,40,2761,1
22591,2943,2771,1
22593,2754,2772,1
22599,2487,2775,1
22879,3131,2797,1
22886,2853,2802,1
22890,2610,2805,1
22970,1627,2817,1
22974,2771,2819,1
23037,2498,2825,1
23045,3069,2826,1
23102,3125,2838,1
23127,2831,2842,1
23139,2791,2844,1
23191,1156,2853,1
23194,2954,2857,1
23213,2655,2858,1
23231,197,2861,1
23375,2634,2872,1
23386,3099,2883,1
23390,1775,2886,1
23458,1072,2894,1
23470,2653,2897,1
23474,2457,2899,1
23515,3049,2902,1
23578,268,2914,1
23600,2986,2923,1
23659,2895,2928,1
23661,3137,2930,1
23668,1791,2931,1
23773,2181,2940,1
23788,2773,2948,1
23892,3084,2954,1
24069,1047,2974,1
24122,1910,2976,1
24134,3072,2977,1
24166,859,2986,1
24220,3028,2996,1
24239,1224,3000,1
24258,860,3001,1
24280,3124,3005,1
24302,2882,3007,1
24375,356,3016,1
24395,420,3023,1
24435,2805,3029,1
24438,875,3030,1
24445,3112,3032,1
24512,277,3052,1
24547,2849,3059,1
24583,2615,3068,1
24596,2587,3077,1
24683,2741,3098,1
24773,2855,3120,1
24788,2947,3126,1
24956,2915,3140,1
25023,3044,3147,1
25072,3067,3158,1
25153,2315,3169,1
25184,3097,3179,1
25191,1923,3183,1
25296,588,3197,1
25466,2308,3205,1
25560,445,3221,1
25573,1394,3225,1
25580,1457,3229,1
25582,454,3231,1
25590,101,3233,1
25592,1555,3234,1
25601,501,3236,1
25607,1524,3238,1
25608,373,3239,1
25615,453,3240,1
25624,1851,3241,1
25630,1607,3242,1
25642,463,3244,1
25644,67,3245,1
25674,110,3248,1
25685,1837,3249,1
25731,520,3254,1
25754,48,3256,1
25763,903,3258,1
25866,1491,3259,1
25871,965,3260,1
25875,1571,3261,1
25880,561,3262,1
25895,1437,3263,1
25903,1537,3264,1
25964,3005,3275,1
25966,3041,3276,1
25967,2718,3280,1
26143,2763,3287,1
26156,715,3291,1
26390,2337,3302,1
26424,1236,3311,1
26452,2656,3316,1
26560,2451,3320,1
26638,2251,3331,1
26642,2786,3333,1
26691,3083,3336,1
26692,1274,3337,1
26842,690,3364,1
26843,2547,3365,1
26847,2444,3372,1
26903,992,3383,1
27002,2726,3389,1
27210,1242,3420,1
27285,2017,3427,1
27331,1478,3451,1
27488,2448,3457,1
27526,2934,3470,1
27578,1276,3490,1
27598,2519,3493,1
27615,2980,3499,1
27756,3133,3538,1
27758,1653,3539,1
27839,2672,3552,1
27976,3107,3575,1
28067,1282,3583,1
28084,492,3584,1
28119,2765,3585,1
28182,2524,3588,1
28339,1691,3602,1
28486,3004,3621,1
28517,2619,3633,1
28522,2674,3638,1
28523,3140,3640,1
28610,3095,3650,1
28736,284,3677,1
28857,3046,3707,1
29061,255,3736,1
29088,1417,3746,1
29208,462,3762,1
29236,61,3766,1
29263,906,3768,1
29530,1346,3774,1
29531,446,3775,1
29537,907,3776,1
29542,75,3777,1
29549,1452,3779,1
29588,52,3784,1
29674,500,3791,1
29749,2923,3809,1
29752,2566,3813,1
29852,275,3822,1
29930,3111,3834,1
30006,2887,3855,1
30034,1023,3858,1
30175,211,3877,1
30190,2800,3891,1
30226,2780,3898,1
30244,2846,3906,1
30281,742,3916,1
30287,90,3917,1
30329,3062,3937,1
30330,2991,3939,1
30332,3037,3940,1
30546,3078,3971,1
30595,368,3987,1
30610,931,3988,1
30852,3090,4003,1
30949,1918,4006,1
30961,2745,4028,1
31476,2617,4181,1
31511,2806,4209,1
31643,2898,4235,1
31752,1454,4273,1
31775,915,4277,1
31781,70,4278,1
31783,443,4279,1
31815,53,4283,1
31821,1497,4284,1
31825,1493,4285,1
31828,944,4286,1
31832,1533,4287,1
31854,1462,4290,1
31982,478,4295,1
31992,1719,4297,1
32005,474,4300,1
32019,1463,4302,1
32024,459,4304,1
32033,1608,4309,1
32036,1531,4312,1
32039,45,4314,1
32043,1402,4316,1
32064,1459,4319,1
32116,1874,4333,1
32266,2493,4367,1
32390,2450,4385,1
32736,2705,4443,1
32773,1012,4453,1
32847,3100,4463,1
32968,2902,4503,1
33412,1161,4582,1
33939,851,4687,1
34429,606,4801,1
34430,1525,4802,1
34431,467,4803,1
34497,1436,4814,1
34560,489,4823,1
34575,1314,4826,1
34716,1511,4836,1
34718,485,4837,1
34730,1540,4838,1
34733,374,4839,1
34790,1673,4843,1
34798,38,4845,1
34802,469,4847,1
35014,56,4899,1
35605,767,5055,1
35702,2690,5057,1
35822,461,5067,1
36061,1582,5086,1
36062,1472,5088,1
36149,1946,5112,1
36250,2682,5129,1
36252,196,5130,1
36261,2216,5134,1
36556,1261,5144,1
36617,393,5161,1
36664,2354,5167,1
36666,278,5168,1
36928,2904,5217,1
36991,2423,5223,1
37052,827,5231,1
37324,1355,5274,1
37366,1070,5279,1
37482,2300,5296,1
37539,1026,5297,1
37876,1254,5333,1
37917,1080,5336,1
37935,4,5337,1
37965,1259,5340,1
37971,5,5343,1
37974,1266,5344,1
37980,1250,5346,1
37983,1265,5347,1
37993,1267,5349,1
38011,1283,5356,1
38015,428,5357,1
38044,1256,5359,1
38089,1288,5368,1
38100,12,5372,1
38115,1290,5376,1
38119,1439,5377,1
38127,910,5378,1
38245,1448,5381,1
38248,1429,5383,1
38252,1544,5385,1
38275,920,5389,1
38503,36,5404,1
38504,941,5405,1
38513,1623,5407,1
38518,57,5413,1
38522,1592,5414,1
38529,1501,5415,1
38539,1345,5417,1
38557,1628,5418,1
38559,1415,5419,1
38629,2778,5430,1
38862,235,5480,1
39386,92,5611,1
39593,934,5660,1
39770,1499,5661,1
39793,541,5667,1
39819,270,5672,1
39881,2144,5679,1
39886,2766,5680,1
39887,192,5681,1
39891,1241,5683,1
39906,43,5686,1
39922,291,5691,1
40020,241,5703,1
40058,2425,5709,1
40126,2532,5714,1
40144,96,5721,1
40152,224,5728,1
40224,2945,5739,1
40226,2725,5740,1
40230,3143,5744,1
40433,3108,5767,1
40434,2592,5768,1
40523,2897,5798,1
40588,2380,5811,1
40591,2564,5817,1
40792,3126,5837,1
40829,3092,5864,1
40841,2951,5875,1
40888,2595,5893,1
40983,909,5906,1
41019,471,5913,1
41129,966,5916,1
41138,1416,5918,1
41157,479,5924,1
41164,490,5926,1
41166,1297,5927,1
41167,440,5928,1
41176,1569,5930,1
41183,948,5935,1
41185,1367,5936,1
41186,924,5937,1
41192,50,5939,1
41200,937,5940,1
41207,447,5942,1
41209,1645,5943,1
41218,1575,5945,1
41221,315,5947,1
41226,925,5948,1
41245,1640,5951,1
41248,1547,5952,1
41251,37,5957,1
41264,1476,5961,1
41269,1620,5962,1
41276,1155,5965,1
41278,33,5966,1
41282,1729,5967,1
41291,739,5970,1
41301,526,5973,1
41308,1568,5974,1
41334,1551,5977,1
41354,1519,5978,1
41368,916,5980,1
41410,51,5983,1
41423,1658,5985,1
41424,448,5986,1
41443,1704,5988,1
41477,1488,5996,1
41482,76,5998,1
41491,1586,5999,1
41699,1517,6005,1
41701,1769,6006,1
41722,1840,6008,1
41739,1671,6010,1
41804,1412,6014,1
41815,66,6016,1
41823,1688,6020,1
41828,1496,6022,1
41831,1477,6024,1
41833,1746,6025,1
41836,1600,6026,1
41849,1441,6030,1
41856,954,6031,1
41898,1157,6034,1
41961,1585,6040,1
41966,460,6042,1
41985,476,6046,1
41997,1529,6048,1
42033,86,6051,1
42035,1330,6052,1
42037,392,6053,1
42095,1616,6059,1
42100,997,6060,1
42102,85,6061,1
42104,911,6062,1
42111,1703,6063,1
42128,1682,6067,1
42146,1646,6069,1
42156,1534,6070,1
42159,1528,6071,1
42167,548,6074,1
42184,1679,6077,1
42187,1467,6079,1
42188,1664,6080,1
42191,1449,6081,1
42197,1643,6082,1
42198,1464,6083,1
42228,1649,6086,1
42236,74,6089,1
42267,72,6096,1
42503,1636,6103,1
42511,486,6105,1
42536,1487,6111,1
42542,1782,6113,1
42577,1630,6117,1
42609,464,6121,1
42610,1596,6122,1
42679,1466,6126,1
42698,1446,6129,1
42702,968,6131,1
42925,1545,6136,1
42940,521,6141,1
43032,1762,6146,1
43034,912,6149,1
43037,1520,6150,1
43039,59,6151,1
43073,1131,6152,1
43090,1445,6154,1
43115,917,6159,1
43123,1799,6160,1
43134,1513,6164,1
43142,563,6166,1
43194,926,6171,1
43260,524,6173,1
43272,1177,6174,1
43281,1500,6176,1
43293,1563,6178,1
43367,1831,6184,1
43369,1523,6185,1
43372,512,6187,1
43409,1655,6194,1
43431,1701,6198,1
43440,482,6200,1
43447,456,6202,1
43458,639,6204,1
43568,1881,6205,1
43580,95,6207,1
43585,510,6209,1
43588,939,6210,1
43610,1387,6214,1
43625,87,6219,1
43626,1605,6221,1
43629,1642,6222,1
43641,1363,6224,1
43671,481,6231,1
43672,1624,6232,1
43706,554,6242,1
43721,1669,6246,1
43785,1318,6247,1
43788,1806,6248,1
43812,317,6251,1
43821,1617,6255,1
43822,318,6257,1
43823,1764,6258,1
43828,1647,6259,1
43832,1675,6261,1
43847,1581,6263,1
43863,1854,6267,1
43870,1962,6269,1
44042,65,6281,1
44059,1396,6283,1
44062,1753,6285,1
44064,64,6287,1
44083,1465,6291,1
44146,1432,6294,1
44149,480,6296,1
44330,1698,6299,1
44336,555,6301,1
44381,534,6303,1
44396,943,6305,1
44442,1727,6306,1
44450,377,6308,1
44456,2182,6309,1
44457,451,6310,1
44468,491,6318,1
44529,1373,6328,1
44554,1542,6332,1
44600,1252,6340,1
44602,8,6341,1
44626,1268,6343,1
44665,1251,6346,1
44667,1017,6348,1
44678,1281,6350,1
44708,16,6353,1
44718,1295,6354,1
44722,457,6355,1
44740,1393,6358,1
44741,1298,6359,1
44746,18,6361,1
44755,1284,6363,1
44757,1323,6364,1
44890,1296,6373,1
44973,15,6376,1
44977,1277,6377,1
44980,1304,6378,1
44986,952,6379,1
45005,371,6382,1
45008,28,6384,1
45017,1311,6386,1
45099,1039,6394,1
45116,78,6398,1
45141,919,6404,1
45167,77,6410,1
45174,522,6411,1
45175,1451,6412,1
45178,533,6415,1
45183,185,6417,1
45189,1559,6420,1
45202,928,6421,1
45333,1561,6430,1
45337,1832,6431,1
45376,514,6434,1
45379,88,6437,1
45534,1299,6445,1
45541,574,6446,1
45552,1690,6452,1
45574,1409,6455,1
45576,1693,6456,1
45577,1599,6457,1
45618,1615,6464,1
45645,1741,6468,1
45655,1489,6470,1
45678,1864,6472,1
45681,1724,6473,1
45732,83,6477,1
45742,2021,6480,1
45748,1598,6482,1
45750,545,6483,1
45765,511,6486,1
45769,1670,6488,1
45843,1717,6496,1
45866,1460,6499,1
45907,1723,6507,1
45909,375,6508,1
45912,1516,6511,1
46001,569,6519,1
46079,1718,6521,1
46081,1634,6523,1
46083,602,6524,1
46096,2301,6526,1
46107,572,6528,1
46112,1755,6530,1
46119,1886,6531,1
46130,1652,6533,1
46135,1034,6534,1
46151,537,6539,1
46156,935,6542,1
46159,1843,6544,1
46174,1959,6553,1
46187,1985,6556,1
46194,1648,6558,1
46197,89,6559,1
46249,1045,6562,1
46301,117,6566,1
46307,515,6567,1
46338,1644,6569,1
46343,1835,6570,1
46351,1726,6572,1
46359,1743,6576,1
46371,584,6581,1
46379,1767,6582,1
46406,1830,6585,1
46431,1554,6588,1
46459,1543,6592,1
46468,518,6595,1
46475,1919,6596,1
46481,1733,6598,1
46499,535,6603,1
46509,1611,6604,1
46514,118,6606,1
46521,1768,6607,1
46537,1621,6612,1
46548,1737,6616,1
46582,79,6619,1
46609,1990,6621,1
46611,1817,6622,1
46615,538,6624,1
46674,1481,6626,1
46787,950,6634,1
46797,974,6637,1
46798,955,6638,1
46830,1619,6641,1
46931,2187,6644,1
46960,1661,6649,1
46961,513,6650,1
46964,551,6651,1
46971,1987,6652,1
46974,1807,6655,1
46979,1400,6658,1
46982,1795,6660,1
47037,503,6664,1
47062,543,6671,1
47064,499,6672,1
47260,1834,6680,1
47265,1763,6682,1
47266,146,6683,1
47268,1610,6684,1
47315,81,6689,1
47318,1662,6690,1
47400,379,6693,1
47414,329,6696,1
47429,2074,6699,1
47430,1792,6700,1
47455,1964,6704,1
47487,1866,6706,1
47551,1796,6708,1
47565,1632,6710,1
47572,531,6712,1
47590,2087,6716,1
47634,932,6720,1
47729,960,6722,1
47772,1766,6725,1
47794,1929,6728,1
47796,1715,6730,1
47838,573,6736,1
47879,97,6739,1
47928,1754,6744,1
47936,131,6747,1
47941,1847,6748,1
47942,138,6749,1
47943,236,6751,1
47975,923,6755,1
47982,1958,6758,1
47990,529,6760,1
47993,496,6762,1
48019,1793,6766,1
48109,953,6770,1
48129,84,6772,1
48142,947,6773,1
48146,1939,6774,1
48164,933,6777,1
48264,1738,6785,1
48277,1963,6788,1
48315,2053,6795,1
48318,1855,6796,1
48329,1049,6798,1
48355,1406,6803,1
48372,1976,6806,1
48523,1865,6811,1
48524,507,6812,1
48580,2076,6814,1
48586,1853,6815,1
48591,433,6816,1
48596,528,6819,1
48599,1086,6820,1
48652,112,6822,1
48668,1968,6827,1
48671,1936,6828,1
48675,1119,6829,1
48688,2040,6832,1
48713,1714,6836,1
48859,102,6842,1
48915,1772,6846,1
48940,80,6850,1
48942,1786,6851,1
48945,1981,6852,1
48949,1508,6854,1
48951,1601,6855,1
49001,516,6859,1
49009,567,6860,1
49065,105,6861,1
49115,1945,6865,1
49196,1335,6869,1
49243,1292,6882,1
49245,1322,6883,1
49246,10,6884,1
49260,1357,6886,1
49270,430,6888,1
49282,24,6891,1
49324,9,6902,1
49337,1342,6905,1
49338,1418,6906,1
49341,1258,6908,1
49383,1111,6913,1
49436,173,6918,1
49472,323,6924,1
49475,930,6927,1
49595,1967,6932,1
49597,2068,6933,1
49602,1920,6935,1
49741,1633,6943,1
49747,1790,6945,1
49814,119,6947,1
49934,160,6958,1
49985,1602,6961,1
50072,125,6968,1
50207,1456,6970,1
50323,71,6975,1
50430,2163,6983,1
50432,989,6985,1
50491,2146,6993,1
50507,1800,6995,1
50519,1811,6996,1
50521,2077,6997,1
50696,1877,7004,1
50742,1388,7008,1
50766,951,7010,1
50824,2044,7012,1
50844,2078,7016,1
50954,1983,7020,1
50961,1663,7023,1
50994,98,7027,1
51001,1696,7029,1
51072,1566,7036,1
51090,508,7040,1
51154,604,7042,1
51160,2004,7043,1
51162,664,7047,1
51297,1391,7056,1
51301,557,7057,1
51306,1612,7058,1
51308,94,7059,1
51364,1949,7065,1
51461,1926,7069,1
51471,1749,7071,1
51475,2097,7073,1
51477,114,7074,1
51478,1862,7075,1
51481,958,7076,1
51488,136,7077,1
51500,1941,7083,1
51556,1907,7088,1
51567,1823,7090,1
51602,1486,7099,1
51607,2049,7101,1
51613,128,7103,1
51626,1785,7104,1
51645,1495,7108,1
51649,2072,7110,1
51655,1709,7113,1
51769,1930,7123,1
51771,598,7124,1
51774,547,7126,1
51798,957,7129,1
51825,580,7130,1
51837,106,7134,1
51838,1291,7135,1
51840,1776,7136,1
52043,1977,7139,1
52048,1081,7140,1
52064,1868,7141,1
52075,2023,7142,1
52083,1745,7144,1
52087,1816,7146,1
52154,2100,7150,1
52176,1609,7151,1
52192,1813,7152,1
52196,1651,7153,1
52205,1993,7156,1
52211,103,7159,1
52264,1672,7164,1
52267,1890,7165,1
52268,571,7166,1
52289,2120,7171,1
52477,99,7174,1
52481,550,7176,1
52492,387,7179,1
52505,566,7183,1
52509,1938,7184,1
52511,1952,7185,1
52512,1757,7187,1
52561,2127,7190,1
52573,2035,7193,1
52682,157,7199,1
52708,1965,7206,1
52714,1666,7208,1
52724,150,7212,1
52728,1584,7213,1
52742,1933,7216,1
52805,1815,7220,1
52806,381,7221,1
52809,140,7222,1
52851,1546,7225,1
52894,1578,7230,1
52900,1954,7232,1
52901,1654,7233,1
52902,981,7234,1
52906,1576,7236,1
52938,1706,7241,1
53114,135,7249,1
53134,1589,7250,1
53247,619,7266,1
53266,407,7271,1
53442,2001,7273,1
53468,380,7277,1
53471,1982,7279,1
53584,1803,7284,1
53617,527,7290,1
53695,586,7294,1
53819,2055,7302,1
53820,993,7303,1
53828,1016,7304,1
53835,124,7307,1
53843,945,7308,1
53868,2085,7309,1
53871,660,7311,1
53920,983,7313,1
54025,316,7314,1
54047,153,7318,1
54051,1841,7319,1
54055,2208,7325,1
54057,2166,7326,1
54099,1943,7328,1
54132,151,7332,1
54158,1989,7336,1
54163,2186,7338,1
54167,2222,7339,1
54168,1871,7340,1
54278,1171,7345,1
54305,564,7347,1
54311,1814,7351,1
54318,2039,7352,1
54321,1812,7353,1
54325,1788,7354,1
54339,1884,7358,1
54389,2025,7360,1
54397,1154,7362,1
54413,1771,7369,1
54415,1992,7370,1
54427,1889,7374,1
54428,661,7375,1
54453,2065,7379,1
54471,978,7380,1
54586,961,7385,1
54649,1705,7386,1
54650,2116,7387,1
54678,386,7393,1
54691,1900,7394,1
54695,1902,7395,1
54732,1354,7399,1
54767,1280,7401,1
54768,7,7402,1
54776,17,7404,1
54798,11,7409,1
54882,972,7411,1
54926,1338,7416,1
54955,1350,7418,1
54962,1336,7419,1
54969,13,7421,1
54998,434,7424,1
55020,1359,7429,1
55027,1425,7431,1
55033,1364,7434,1
55038,1328,7436,1
55056,438,7439,1
55107,19,7441,1
55114,432,7443,1
55156,963,7447,1
55220,122,7453,1
55226,2358,7454,1
55291,389,7464,1
55309,2285,7469,1
55312,82,7470,1
55313,1901,7471,1
55340,1966,7473,1
55451,2193,7477,1
55468,2102,7479,1
55682,1506,7484,1
55695,719,7488,1
55699,2212,7489,1
55700,1548,7490,1
55705,1042,7491,1
55712,589,7493,1
55719,2485,7495,1
55746,139,7497,1
55754,583,7499,1
55785,2002,7501,1
55790,1781,7502,1
55898,1857,7506,1
55912,969,7507,1
55948,556,7508,1
55949,1995,7509,1
56013,382,7515,1
56072,1838,7518,1
56296,2050,7532,1
56302,1819,7534,1
56338,1057,7537,1
56356,600,7538,1
56405,208,7541,1
56423,2141,7542,1
56430,1141,7545,1
56435,2084,7547,1
56442,1760,7550,1
56471,2125,7554,1
56483,2086,7555,1
56486,2191,7558,1
56492,568,7560,1
56495,152,7561,1
56596,1917,7563,1
56769,1975,7566,1
56779,591,7570,1
56789,144,7572,1
56793,2119,7575,1
56802,177,7579,1
56882,257,7583,1
56924,2011,7585,1
56939,1991,7588,1
56965,104,7594,1
57234,560,7605,1
57238,2046,7606,1
57254,1689,7610,1
57281,590,7612,1
57288,2342,7613,1
57292,2123,7614,1
57443,1399,7626,1
57447,2390,7627,1
57453,156,7629,1
57457,2098,7630,1
57460,2228,7632,1
57467,1730,7634,1
57473,2188,7636,1
57486,1461,7640,1
57498,582,7646,1
57499,127,7647,1
57500,2737,7648,1
57519,1773,7649,1
57529,594,7651,1
57537,2863,7652,1
57538,771,7654,1
57548,108,7658,1
57555,562,7660,1
57614,2238,7663,1
57628,2082,7666,1
57688,1494,7670,1
57709,1692,7672,1
57835,1825,7677,1
57844,2066,7679,1
58025,1802,7686,1
58036,2254,7688,1
58037,549,7689,1
58040,2088,7690,1
58041,1978,7691,1
58049,2169,7694,1
58056,1842,7697,1
58101,1805,7703,1
58106,1804,7709,1
58107,2024,7710,1
58108,109,7711,1
58114,321,7714,1
58161,2209,7719,1
58174,2131,7722,1
58196,1411,7725,1
58211,2231,7731,1
58226,1928,7733,1
58275,603,7735,1
58621,1010,7740,1
58662,2030,7741,1
58804,1996,7757,1
58824,1969,7763,1
58859,2042,7767,1
59028,727,7773,1
59062,662,7775,1
59121,628,7778,1
59147,994,7781,1
59549,1885,7790,1
59554,1051,7793,1
59556,559,7796,1
59569,149,7798,1
59571,54,7801,1
59580,282,7803,1
59583,631,7804,1
59586,2059,7805,1
59633,1064,7807,1
59639,622,7808,1
59719,632,7811,1
59871,1638,7820,1
59966,2430,7827,1
59980,625,7829,1
59996,570,7831,1
59998,2029,7832,1
60002,2064,7833,1
60010,2026,7837,1
60013,2420,7839,1
60034,1821,7840,1
60049,1060,7842,1
60055,544,7844,1
60057,1789,7846,1
60064,2317,7850,1
60072,2108,7852,1
60121,2546,7855,1
60161,3035,7862,1
60240,1075,7865,1
60318,959,7867,1
60434,612,7869,1
60458,2204,7872,1
60469,2250,7876,1
60496,652,7880,1
60500,1947,7881,1
60670,1088,7884,1
60694,1747,7885,1
60751,1521,7890,1
60761,613,7893,1
60769,629,7894,1
60816,2101,7896,1
60823,1948,7898,1
60848,100,7904,1
60860,179,7906,1
60886,1641,7909,1
60888,2058,7910,1
60992,121,7914,1
60995,2249,7916,1
61030,646,7919,1
61163,1677,7923,1
61184,1386,7925,1
61283,1271,7930,1
61293,1317,7933,1
61295,1312,7934,1
61318,1380,7937,1
61455,1313,7942,1
61461,1316,7944,1
61509,1344,7948,1
61516,1375,7950,1
61518,1352,7951,1
61542,1353,7957,1
61596,1289,7962,1
61603,1272,7964,1
61743,397,7975,1
61761,2032,7978,1
61762,1000,7979,1
61784,1780,7980,1
61812,2224,7983,1
61816,1798,7984,1
61820,1971,7987,1
61971,1096,7991,1
61985,1999,7994,1
62199,1750,8009,1
62200,2177,8011,1
62271,565,8014,1
62273,91,8015,1
62319,1618,8017,1
62436,2014,8022,1
62441,2062,8025,1
62523,2218,8032,1
62634,1003,8037,1
62709,615,8045,1
62744,2310,8050,1
62954,2239,8058,1
62975,1953,8063,1
62976,2206,8064,1
62977,1903,8065,1
62978,1219,8066,1
62996,1622,8073,1
62997,2135,8074,1
62998,2453,8075,1
63000,2878,8076,1
63003,1700,8082,1
63058,980,8086,1
63069,1787,8087,1
63072,697,8088,1
63077,1922,8090,1
63087,2104,8092,1
63127,1150,8095,1
63173,2303,8100,1
63223,2316,8105,1
63240,2057,8107,1
63242,627,8108,1
63251,624,8112,1
63429,1984,8116,1
63431,2139,8118,1
63437,2252,8119,1
63444,2133,8122,1
63447,2094,8124,1
63488,592,8127,1
63519,1867,8131,1
63559,168,8136,1
63563,1712,8138,1
63564,1913,8139,1
63570,608,8144,1
63616,605,8152,1
63659,166,8155,1
63667,1970,8157,1
63689,162,8163,1
63712,2297,8167,1
63723,1955,8169,1
63735,666,8173,1
63745,2243,8175,1
63749,1935,8176,1
63757,2283,8178,1
63763,1502,8181,1
63765,331,8183,1
63769,2427,8185,1
63924,2073,8189,1
63930,2172,8191,1
63934,585,8194,1
63949,169,8199,1
63993,1974,8204,1
64017,593,8210,1
64077,1087,8212,1
64088,2089,8215,1
64090,2382,8216,1
64122,2319,8218,1
64153,1849,8223,1
64155,2075,8224,1
64156,189,8225,1
64171,2009,8228,1
64175,2362,8229,1
64180,2221,8231,1
64187,1856,8234,1
64273,1924,8237,1
64278,1801,8241,1
64390,623,8247,1
64414,1912,8249,1
64427,2037,8252,1
64428,1794,8256,1
64471,498,8260,1
64483,2518,8263,1
64554,707,8274,1
64562,326,8275,1
64610,1809,8279,1
64648,1009,8280,1
64705,577,8281,1
64718,2396,8282,1
64719,2156,8283,1
64720,1836,8284,1
64722,1915,8287,1
64731,1951,8289,1
64761,2350,8294,1
64766,2286,8296,1
64870,1685,8298,1
64876,2140,8299,1
64895,2248,8308,1
64898,141,8309,1
64952,466,8317,1
64965,1822,8320,1
64972,637,8322,1
64988,648,8324,1
64998,206,8330,1
65031,1826,8334,1
65041,147,8339,1
65044,2028,8340,1
65071,181,8345,1
65145,1695,8353,1
65147,1725,8354,1
65157,663,8356,1
65183,161,8357,1
65188,391,8361,1
65296,638,8369,1
65302,2200,8370,1
65486,1035,8375,1
65489,2276,8377,1
65589,1106,8381,1
65839,2306,8392,1
65846,2045,8394,1
65851,1674,8395,1
65868,2175,8398,1
65872,1708,8399,1
65896,159,8405,1
65898,1844,8406,1
65899,1824,8407,1
65931,400,8412,1
65948,2288,8414,1
66031,2266,8416,1
66037,1979,8418,1
66063,2159,8420,1
66065,1879,8421,1
66086,221,8428,1
66129,113,8435,1
66157,616,8439,1
66161,2096,8441,1
66166,143,8443,1
66179,695,8446,1
66186,1893,8447,1
66262,1401,8456,1
66287,1405,8459,1
66344,1371,8462,1
66381,1315,8467,1
66391,1287,8469,1
66419,1343,8473,1
66458,23,8477,1
66469,25,8479,1
66522,1333,8485,1
66543,22,8489,1
66634,2157,8500,1
66730,126,8505,1
66761,2124,8509,1
66767,2201,8510,1
66770,1988,8513,1
66771,659,8514,1
66792,190,8517,1
66796,576,8518,1
66811,201,8520,1
66906,2134,8528,1
66908,170,8530,1
66942,1972,8538,1
66973,2122,8542,1
66979,647,8543,1
66999,2194,8544,1
67015,1931,8549,1
67017,634,8550,1
67018,1687,8551,1
67024,174,8552,1
67025,182,8554,1
67034,384,8559,1
67035,210,8560,1
67057,1637,8564,1
67059,2416,8565,1
67061,620,8566,1
67143,2398,8576,1
67149,2454,8578,1
67153,730,8580,1
67155,2225,8581,1
67260,2154,8587,1
67270,2015,8589,1
67272,595,8591,1
67277,745,8594,1
67298,650,8597,1
67313,2418,8599,1
67332,1048,8605,1
67334,324,8607,1
67340,643,8610,1
67343,705,8612,1
67345,2527,8613,1
67346,2381,8616,1
67347,1846,8617,1
67348,2111,8619,1
67359,2406,8622,1
67361,504,8623,1
67636,2449,8631,1
67640,636,8634,1
67641,832,8635,1
67651,2563,8636,1
67742,579,8638,1
67790,611,8644,1
67804,2167,8649,1
67847,2170,8653,1
67910,2147,8657,1
67914,2601,8658,1
67925,2153,8660,1
67930,2278,8661,1
68094,200,8669,1
68098,2292,8674,1
68112,2294,8676,1
68133,2258,8687,1
68156,1361,8689,1
68169,2573,8690,1
68175,1748,8693,1
68181,672,8694,1
68209,388,8697,1
68215,2625,8698,1
68216,2569,8699,1
68234,712,8703,1
68236,3086,8704,1
68250,610,8708,1
68273,2495,8710,1
68286,2007,8712,1
68291,2051,8713,1
68330,2121,8716,1
68331,328,8717,1
68334,1553,8719,1
68447,635,8722,1
68471,1024,8727,1
68560,2332,8733,1
68716,2649,8740,1
68724,2270,8743,1
68726,2421,8744,1
68789,2621,8749,1
68814,2467,8755,1
68840,2714,8759,1
68843,2475,8760,1
68884,172,8763,1
68917,2746,8766,1
68918,644,8767,1
68926,319,8771,1
68941,614,8777,1
69010,1797,8786,1
69014,2071,8788,1
69029,761,8790,1
69034,587,8792,1
69048,699,8795,1
69052,155,8797,1
69057,2195,8799,1
69058,2056,8800,1
69069,215,8802,1
69081,475,8804,1
69379,645,8811,1
69394,2473,8814,1
69395,193,8815,1
69435,2554,8820,1
69527,667,8822,1
69529,1875,8824,1
69567,676,8830,1
69575,2126,8833,1
69692,137,8844,1
69727,673,8846,1
69753,581,8850,1
69759,2117,8851,1
69778,864,8856,1
69810,700,8862,1
69847,2199,8864,1
69848,2079,8865,1
69881,406,8870,1
69938,390,8877,1
69946,2272,8879,1
69978,1732,8884,1
69980,488,8886,1
70020,694,8893,1
70037,2336,8896,1
70044,2391,8897,1
70045,2036,8898,1
70047,692,8900,1
70052,2464,8904,1
70308,2706,8914,1
70316,2388,8917,1
70447,723,8923,1
70459,2686,8925,1
70462,2054,8927,1
70523,222,8933,1
70525,2003,8935,1
70528,2280,8937,1
70530,2113,8938,1
70569,1635,8942,1
70605,1882,8945,1
70610,2343,8947,1
70645,2339,8955,1
70681,674,8957,1
70703,1914,8962,1
70747,1759,8968,1
70755,2412,8969,1
70756,746,8970,1
70855,716,8974,1
70879,1062,8976,1
70962,938,8986,1
71012,1443,8990,1
71014,1278,8991,1
71046,35,8997,1
71067,1384,9003,1
71253,1366,9016,1
71257,14,9018,1
71260,1372,9020,1
71265,20,9022,1
71269,1245,9023,1
71331,1961,9033,1
71349,2570,9035,1
71416,2326,9040,1
71433,2440,9043,1
71438,2368,9044,1
71439,1053,9045,1
71445,665,9046,1
71466,1089,9049,1
71530,2579,9051,1
71550,2090,9055,1
71557,2150,9057,1
71560,2476,9058,1
71673,2633,9067,1
71961,163,9074,1
71969,658,9076,1
72022,1833,9081,1
72148,2565,9084,1
72151,2298,9085,1
72153,2460,9088,1
72155,2052,9089,1
72173,2214,9094,1
72175,2471,9096,1
72230,1037,9100,1
72350,2646,9104,1
72384,2309,9112,1
72468,213,9116,1
72495,702,9119,1
72503,2274,9120,1
72508,3013,9122,1
72511,2284,9126,1
72521,711,9129,1
72529,2667,9130,1
72539,2161,9133,1
72547,2235,9136,1
72582,337,9142,1
72586,2236,9143,1
72588,239,9144,1
72598,240,9146,1
72656,2695,9150,1
72657,232,9152,1
72670,2334,9155,1
72688,2403,9156,1
72714,2687,9157,1
72729,696,9158,1
72753,2468,9159,1
72755,1899,9161,1
72765,601,9164,1
72914,2622,9168,1
72918,2586,9171,1
72967,347,9177,1
72969,2374,9178,1
72975,1896,9180,1
73085,202,9194,1
73087,2557,9196,1
73096,2279,9199,1
73126,2561,9205,1
73148,681,9210,1
73149,2377,9211,1
73151,546,9214,1
73154,184,9215,1
73185,2675,9219,1
73288,2446,9222,1
73290,759,9223,1
73296,2299,9224,1
73374,180,9230,1
73400,2370,9232,1
73406,1180,9236,1
73424,2961,9239,1
73443,2452,9241,1
73452,713,9243,1
73470,229,9247,1
73478,653,9249,1
73533,671,9251,1
73590,766,9256,1
73620,1098,9262,1
73661,1167,9266,1
73673,743,9270,1
73674,2885,9271,1
73675,682,9272,1
73698,2720,9275,1
73701,2148,9276,1
73704,2581,9277,1
73711,2213,9280,1
73713,1468,9282,1
73722,1032,9285,1
73778,2275,9288,1
73792,2210,9294,1
73793,783,9295,1
73924,2016,9304,1
73932,2346,9307,1
73933,2545,9308,1
73934,740,9309,1
74051,2477,9313,1
74160,680,9319,1
74168,657,9323,1
74170,654,9324,1
74239,691,9330,1
74257,2603,9333,1
74295,1140,9340,1
74314,2435,9344,1
74319,670,9347,1
74352,2598,9351,1
74392,2232,9353,1
74414,2474,9357,1
74490,975,9367,1
74493,679,9369,1
74495,2353,9371,1
74576,212,9376,1
74586,207,9379,1
74590,735,9381,1
74595,2109,9382,1
74600,706,9383,1
74635,675,9389,1
74679,2833,9397,1
74680,2511,9398,1
74696,641,9403,1
74711,2616,9409,1
74721,2489,9412,1
74773,2851,9417,1
74803,2290,9423,1
74804,1556,9424,1
74826,3000,9432,1
74827,2535,9433,1
74834,2575,9436,1
74927,708,9439,1
74928,267,9440,1
75044,633,9446,1
75061,630,9449,1
75126,1102,9450,1
75162,1574,9452,1
75222,1050,9454,1
75313,2229,9456,1
75322,1031,9457,1
75333,1848,9461,1
75371,693,9463,1
75568,758,9469,1
75609,2234,9476,1
75636,769,9480,1
75642,683,9485,1
75654,2375,9489,1
75676,718,9492,1
75734,2357,9494,1
75761,1892,9497,1
75809,1162,9500,1
75815,2783,9503,1
75820,258,9507,1
75858,437,9514,1
75889,1362,9518,1
75893,1408,9519,1
75922,495,9523,1
75936,1368,9527,1
75975,1458,9534,1
76057,1407,9542,1
76063,1447,9546,1
76152,1376,9550,1
76156,1301,9551,1
76174,1325,9554,1
76238,2808,9560,1
76340,1852,9564,1
76342,2162,9566,1
76365,741,9572,1
76376,2555,9575,1
76411,209,9581,1
76418,2484,9582,1
76422,686,9584,1
76491,2372,9593,1
76526,3076,9595,1
76528,401,9597,1
76564,2171,9600,1
76644,2689,9607,1
76685,2257,9616,1
76689,2679,9618,1
76690,731,9619,1
76692,2415,9622,1
76741,342,9627,1
76744,2567,9628,1
76845,2262,9632,1
76897,2976,9635,1
76929,2647,9646,1
76935,2215,9647,1
76980,1117,9649,1
77096,134,9651,1
77104,2349,9654,1
77144,2437,9657,1
77156,1828,9661,1
77157,2219,9662,1
77179,714,9665,1
77224,726,9669,1
77273,360,9671,1
77286,2729,9674,1
77307,2500,9678,1
77316,2642,9681,1
77320,2681,9683,1
77438,779,9689,1
77450,2664,9690,1
77451,2590,9693,1
77452,2829,9694,1
77583,2759,9703,1
77594,756,9705,1
77628,2580,9714,1
77640,250,9716,1
77721,1044,9722,1
77723,1143,9723,1
77726,2523,9724,1
77729,398,9725,1
77740,797,9726,1
77773,2241,9728,1
77783,245,9729,1
77943,2463,9732,1
77946,798,9733,1
77953,2799,9735,1
77961,300,9738,1
77965,327,9740,1
77980,2402,9741,1
77986,2395,9743,1
77988,717,9746,1
77991,2600,9747,1
77992,223,9748,1
78003,2027,9752,1
78059,1109,9753,1
78093,2465,9757,1
78641,2970,9767,1
78642,265,9768,1
78656,188,9770,1
78662,2422,9773,1
78670,2736,9775,1
79016,332,9788,1
79018,395,9791,1
79023,2129,9793,1
79025,2558,9794,1
79080,874,9796,1
79186,2644,9798,1
79211,835,9805,1
79213,167,9807,1
79224,2069,9809,1
79232,2458,9811,1
79234,2957,9812,1
79248,2247,9815,1
79249,419,9816,1
79251,2409,9817,1
79264,2333,9819,1
79266,2602,9820,1
79273,750,9823,1
79307,2877,9825,1
79309,578,9826,1
79334,1227,9828,1
79338,2631,9832,1
79445,164,9838,1
79483,2005,9843,1
79533,787,9850,1
79536,2512,9852,1
79537,334,9853,1
79538,2488,9854,1
79541,2386,9855,1
79555,2311,9860,1
79570,971,9861,1
79606,335,9867,1
79610,3006,9868,1
79706,847,9874,1
79711,216,9875,1
79733,803,9876,1
79740,2492,9879,1
79759,2506,9884,1
79760,1121,9885,1
79761,774,9886,1
79776,2384,9889,1
79968,2772,9895,1
79974,1116,9896,1
79983,2733,9898,1
80342,1233,9910,1
80345,2331,9911,1
80478,2345,9919,1
80620,2916,9928,1
80677,2645,9930,1
80687,2568,9936,1
80698,336,9939,1
80756,2185,9943,1
80781,2304,9946,1
80783,228,9949,1
80791,2158,9950,1
80805,2361,9952,1
80818,2259,9954,1
80832,2536,9956,1
80867,2707,9959,1
80870,2277,9960,1
80876,2657,9962,1
80897,2295,9965,1
80950,2700,9969,1
80952,1751,9971,1
81008,345,9979,1
81066,1475,9986,1
81069,2341,9987,1
81070,2176,9988,1
81091,2424,9991,1
81095,640,9994,1
81144,617,10003,1
81145,247,10004,1
81149,2438,10005,1
81183,2983,10010,1
81185,790,10012,1
81209,1021,10013,1
81245,2870,10015,1
81256,2514,10018,1
81257,2296,10020,1
81280,2815,10025,1
81317,2816,10035,1